"#","Name","Atoll","Island","Rooms","Beds","Phone","Fax","Email","Resort Phone","Resort Fax","Resort Email","Operator","Owner/Lesse","Management","State"
"1","Aanugandu Island Resort","Kaafu","Aanugan'du Finolhu and Aanugan'du Huraa","384","768","3339992","","shrikant@atmospherehotelsandresorts.com","4000022","4000022","info@ailafushi@colorsofoblu.com","Promonant Pvt Ltd 
H. Aage, 6th Floor
12 Boduthakurufaanu Magu
Male', Republic of Maldives","Aqua Blue Investments Pvt Ltd 
M. Mirihimaage
3A, Kulhidhoshumagu
Male', Republic of Maldives","Atmosphere Core (BVI) Ltd 
H. Aage, 3rd Floor
12 Boduthakurufaanu Magu
Male', Republic of Maldives","Operating"
"2","Adaaran Club Rannalhi","Kaafu","Rannalhi","122","244","3323323","3315238","info@adaaran.com","6642688","6642688","reservations@adaaran.com.mv","Jetan Travel Services Company Pvt Ltd
H. Thuniya Building (6th Floor) 
Boduthakurufaanu Magu
Male', Republic of Maldives","Jetan Travel Services Company Pvt Ltd
H. Thuniya Building (6th Floor) 
Boduthakurufaanu Magu
Male', Republic of Maldives","","Operating"
"3","Adaaran Prestige Vadoo","Kaafu","Vaadhoo","50","100","3323323 / 3315238","3315237","mahdy@aitkenspence.lk / info@adaaran.com","6643976","6643976","reservations@adaaran.com.mv","Unique Resorts Pvt Ltd
H. Thuniya, 6th Floor, 
Boduthakurufaanu Magu,
Male', Republic of Maldives","Unique Resorts Pvt Ltd
H. Thuniya, 6th Floor, 
Boduthakurufaanu Magu,
Male', Republic of Maldives","-","Operating"
"4","Adaaran Select Hudhuranfushi","Kaafu","Lhohifushi","202","404","3323323
3315238","3315237","info@adaaran.com","6641930","6641930","reservations@adaaran.com.mv","A.D.S Resorts Pvt. Ltd.
H. Thuniya, 6th Floor, 
Boduthakurufaanu Magu, 
Male', Republic of Maldives","Altaf Enterprises Pvt. Ltd. 
H. No.8, Ibrahim Hassan Didi Magu, 
Male', Republic of Maldives","-","Operating"
"5","Adaaran Select Meedhupparu","Raa","Meedhupparu","238","476","332 3323
331 5238","331 5237","gm@aitkenspence.com.mv","6640375","6640375","res.mir@adaaran.com.mv","Cowrie Investment Pvt. Ltd.
H. STO Aifaanu Building, 7th Floor, 
Boduthakurufaanu Magu, 
Male', Republic of Maldives","Cowrie Investment Pvt. Ltd.
H. STO Aifaanu Building, 7th Floor, 
Boduthakurufaanu Magu, 
Male', Republic of Maldives","-","Operating"
"6","Alila Kothaifaru Maldives","Raa","Kothaifaru and Kuroshigiri","86","172","3005515","","masoodh@momentum.com.mv","7783767 / 6591234","7783767 / 6591234","kothaifaru@alilahotels.com","Ballentine Pvt Ltd 
M. Faamudheyrige, 05th Floor
Orchid Magu
Male', Republic of Maldives","Ballentine Pvt Ltd 
M. Faamudheyrige, 05th Floor
Orchid Magu
Male', Republic of Maldives","Hyatt International South West Asia Limited 
G. Sosanee
Male', Republic of Maldives","Operating"
"7","Alimatha Aquatic Resort","Vaavu","Alimatha","156","312","3323214","3322516","office@maleoffice.com.mv 
manager@maleoffice.com.mv","67005753323524","","alimatha@dhivehinetnet.mv","L.A Resorts Pvt Ltd 
M.Opera Building
Chaandhanee Magu
Male', Republic of Maldives","Safari Tours Pvt. Ltd 
Opera Building, Chaandhanee Magu
Male', Republic of Maldives
safari@dhivehinet.net.mv","","Operating"
"8","Ananea Madivaru Maldives","Alifu Alifu","Etheremadivaru","137","274","3330617","-","info@ananeamadivaru.com

website: www.ananeamadivaru.com","","","","Twin Island Pvt Ltd 
M. Maaveyodhoshuge,
Maaveyo Magu, 
Male', Republic of Maldives","Twin Island Pvt Ltd 
M. Maaveyodhoshuge,
Maaveyo Magu, 
Male', Republic of Maldives","-","Operating"
"9","Anantara Kihavah Villas","Baa","Kihavah Huravalhi","89","178","0060(87)453-288","0060(87)451-288","dkoegerl@anantara.com","6644111","6644111","mailto:kihavahmaldives@anantara.com","Minor International (Labuan) Ltd
Level 15 (A2), Main Office Tower Financial Park
Labuan, Jalan Mereedeka, 87000 FT
Malaysia","Maldives Tourism Development Corporation Plc
01st Floor, Fathuruvehi
Buruzu Magu
Republic of Maldives","","Operating"
"10","Anantara Resort and Spa Maldives","Kaafu","Dhigufinolhu","113","226","7797779","3327058","shahdy@sandalawyers.com","6644100","6644100","dhigumaldives@anantara.com","SS & L Beach Pvt Ltd 
H. #02-01, Millennia Tower
10 Ameer Ahmed Magu
Male', Republic of Maldives","SS & L Beach Pvt Ltd 
H. #02-01, Millennia Tower
10 Ameer Ahmed Magu
Male', Republic of Maldives","Minor Hotel Group (Maldives) Pvt Ltd 
Anantara Kihavah Villas
B. Kihavah Huravalhi
Republic of Maldives","Operating"
"11","Anantara Veli and Naladhu","Kaafu","Veligan'du Huraa","88","176","7797779","","shahdy@sandalawyers.com","6644111","","velimaldives@anantara.com / stay@naladhu.com","SS & L Beach Pvt Ltd 
H. #02-01, Millennia Tower
10 Ameer Ahmed Magu
Male', Republic of Maldives","SS & L Beach Pvt Ltd 
H. #02-01, Millennia Tower
10 Ameer Ahmed Magu
Male', Republic of Maldives","Minor Hotel Group (Maldives) Pvt Ltd 
Anantara Kihavah Villas
B. Kihavah Huravalhi
Republic of Maldives","Operating"
"12","Angaga Island Resort and Spa","Alifu Dhaalu","Angaga","90","180","331 3523","331 3522","info@happymarket.com.mv","6680510","6680510","angaga@dhivehinet.net.mv","Angiri Resorts Management and Operations Pvt Ltd
M.New Plot, 2nd Floor 
Ameenee Magu
Male', Republic of Maldives","Angiri Resorts Management and Operations Pvt Ltd 
M.New Plot, 2nd Floor 
Ameenee Magu
Male', Republic of Maldives","","Operating"
"13","Angsana Resort & Spa Maldives - Velavaru","Dhaalu","Velavaru","119","238","3304087
6760028","3304660
6760029","velavaru@angsana.com","676 0028","676 0028","reservations-velavaru@angsana.com","Maldives Bay Pvt Ltd
M. Gulfaamuge, 4th Floor, 
Fareedhee Magu, 
Male', Republic of Maldives","Sancturay Sands Maldives Pvt. Ltd
H. Aage, 6th Floor, 
Boduthakurufaanu Magu, 
Male', Republic of Maldives","-","Operating"
"14","Atmosphere Kanifushi Maldives","Lhaviyani","Kanifushi","190","380","3006554","3006557","info@kanifushi.com.mv","3339992","","sales@atmosphere-kanifushi.com","Kanifushi Investment Pvt. Ltd
M. Rowville, 5th Floor
Fareedhee Magu
Male, Rep of Maldives","Kanifushi Investment Pvt. Ltd.
M. Rowville, 5th Floor
Fareedhee Magu
Male, Rep of Maldives","Atmosphere Kani Resort Pvt. Ltd
Aage, 02nd Floor
12 Boduthakurufaanu Magu
Male', Rep of Maldives","Operating"
"15","Avani + Fares Maldives","Baa","Fares","210","420","7773152","","zayan@salihshihab.co","6601660","6601660","reservations.fares@avanihotels.com","Plexus Maldives Private Limited
H. The Cyprea, Boduthakurufaanu Magu, Male', Republic of Maldives","Plexus Maldives Private Limited
H. The Cyprea, Boduthakurufaanu Magu, Male', Republic of Maldives","Minor Hotel Group (Maldives) Private Limited 
Anantara Kihavah Villas,
Kihavah Huravalhi, Baa Atoll,
Republic of Maldives","Operating"
"16","Ayada Maldives","Gaafu Dhaalu","Magudhdhuvaa","100","200","7303055
745 8336
6844444","330 3003
3303009
6845555","info@ayadamaldives.com / 
aminath.hana@lily-international.com","684 4444","444 6 200","info@ayadamaldives.com","Ahmet Aydeniz Maldives Pvt. Ltd 
H. Aagadhage, 4th Floor
Boduthakurufaanu Magu
Male', Republic of Maldives","Maldives Tourism Development and Corporation 
G. Fathuruvehi, 1st Floor
Buruzu Magu 20124
Male', Republic of Maldives","","Operating"
"17","Baglioni Resort Maldives","Dhaalu","Maagau","101","206","9802222","","m.suri@baglionihotels.com","4000600","4000600","reservations.maldives@baglionihotels.com","Baglioni Maldives Pvt Ltd 
H. Hulhugali, 1st Floor, South Wing, 
Kalhuhuraa Magu, 
Male', Republic of Maldives","New Mood Resorts Pvt Ltd 
M. Faamudheyrige, 6th Floor Unit A, Orchid Magu, 
Male', Republic of Maldives","-","Operating"
"18","Bandos Maldives","Kaafu","Bandos","220","440","6640088","6643877","info@bandos.com.mv","6640088","6640088","sales@bandos.com.mv","Orchid Holdings Private Limited
H. Deens Villa, 
Meheli Goalhi, 
Male', Republic of Maldives","Mohamed Waheed Deen
H. Deens Villa
Meheli Goalhi
Male', Republic of Maldives","-","Operating"
"19","Banyan Tree Maldives Vabbinfaru","Kaafu","Vabbinfaru","48","96","(65)8495888
6643147","(65)4620186
6643147","mohamed.naeem@banyantree.com","960 664 3147","","reservations-vabbinfaru@banyantree.com","Vabbinvest Maldives Pvt. Ltd, 
 K. Vabbinfaru 
 c/o 211 Upper Bukit Timah Road
 Singapore 588182","Vabbinvest Maldives Pvt. Ltd, 
K. Vabbinfaru 
 c/o 211 Upper Bukit Timah Road
 Singapore 588182","Banyan Tree Resorts Ltd","Operating"
"20","Baros Maldives","Kaafu","Baros","75","150","3323080
6642672","3320274
3322678","info@baros.com; sales@unient.com.mv","664 26 72","664 26 72","reservations@baros.com","Universal Enterprises Pvt Ltd
M. No. 39, Orchid Magu
Male', Republic of Maldives","Universal Enterprises Pvt Ltd
M. No. 39, Orchid Magu
Male', Republic of Maldives","-","Operating"
"21","Bolifushi Island Resort","Kaafu","Bolifushi","114","228","7964481 / 3339992 / 3317526","","muaz@alephpropertiesltd.com","6642020 / 7937070","6642020 / 7937070","reservations@ozenreserve-bolifushi.com","Alpha Property (BVI)Limited 
Mill Mall, Suite 6
Wickhams Cay1, P.O. Box 3085, British Virgin Islands","Gateway Maldives Pvt. Ltd 
H. Mirihi 
Abadhah Ufaa Magu
Male', Republic of Maldives","Atmosphere Core (BVI) Ltd 
03rd Floor, H. Aage 
12, Boduthakurufaanu Magu
Male', Republic of Maldives
www.ozenreserve-bolifushi.com","Operating"
"22","Brennia Kottefaru","Raa","Kottefaru","145","290","4002022","","info@brennia.com","4002022","","info@brennia.com","Brennia Maldives Pvt Ltd 
G. Gevadige
Faashanaakilege Magu 
Male', Republic of Maldives","ABN Pvt Ltd 
M. Uniya Building 
Fareedhee Magu 
Male', Republic of Maldives","Brennia Maldives Pvt Ltd 
G. Gevadige
Faashanaakilege Magu 
Male', Republic of Maldives","Operating"
"23","Canareef Resort Maldives","Seenu","Herethere","271","542","689-6677","689-3377","info@canareef.com

Website: https://canareef.com/","689-6677 / 689-3377","-","info@canareef.com","Canaries Resorts Maldives Pvt Ltd
M. Marina Building, 5th floor
Koli Umar Manik Goalhi 
Male’, Republic of Maldives","Canaries Pte. Ltd. 
63 UBI Avenue 1 #06-01, 
Singapore 408937","-","Operating"
"24","Centara Mirage Lagoon Maldives & Centara Grand Lagoon Maldives","Kaafu","4°19’0.85”N73°20’43.59”E","416","832","","","","4015555","4015555","cmlm@chr.co.th","Lagoon Assets Private Limited 
H. Shah, Hussain & Co. Barristers and Attorneys, 6th Floor, Aage,Boduthakurufaanu Magu, 
Male', Republic of Maldives","Lagoon Assets Private Limited
H. Shah, Hussain & Co. Barristers and Attorneys, 6th Floor, Aage,Boduthakurufaanu Magu, 
Male', Republic of Maldives","-","Operating"
"25","Centara Ras Fushi Resort & Spa","Kaafu","Giraavaru","140","280","3306566","3309796","sales@chr.co.th; crf@chr.co.th","664 3880","664 3880","crf@chr.co.th","Centara Maldives Pvt. Ltd. 
C/O. SHAH, HUSSAIN & CO. Barristers and Attorneys, 
H. Aage, 6th Floor,
Boduthakurufaanu Magu, Male', Republic of Maldives","Legal Heirs of Late Mr. Abdul Rauf, M. Snow Rose, Male', Republic of Maldives:

1. Aishath Shareef 
G. Summer Rose, Male', Republic of Maldives
2. Aminath Rifna
G. Nasru Villa, Male', Republic of Maldives
3. Fathimath Anoosha 
M. Snow Rose, Male', Republic of Maldives
4. Aminath Faghiya
M. Snow Rose, Male', Republic of Maldives
5. Aishath Zeeliya 
M. Snow Rose, Male', Republic of Maldives
6. Hussain Shahee
M. Snow Rose, Male', Republic of Maldives
7. Mariyam Leeshiya 
M. Snow Rose, Male', Republic of Maldives
8. Ahmed Affan Abdul Rauf 
Dew Berry, Male', Republic of Maldives
9. Luyuna Abdul Rauf 
Dew Berry, Male', Republic of Maldives","-","Operating"
"26","Cheval Blanc Randheli","Noonu","Randheli","60","120","330 5590","331 5590","info@int.com.mv","656 1515","656 1515","info.randheli@chevalblanc.com","I & T Management Pvt Ltd 
H. Bonthi Villa, Level 2, 
Ameer Ahmed Magu, 
Male', Republic of Maldives","I & T Management Pvt Ltd 
H. Bonthi Villa, Level 2, 
Ameer Ahmed Magu, 
Male', Republic of Maldives","","Operating"
"27","Cinnamon Dhonveli Maldives","Kaafu","Kanuoiy Huraa","148","296","3326219
3313738","3326264","jkmr@keells.com.mv","6640055","6640055","dhonveli@cinnamonhotels.com","Tranquility Pvt Ltd 
G. Kelam 4th Floor, 
Hithaffinivaa Magu, 
Male', Republic of Maldives","Tranquility Pvt Ltd
G. Kelam 4th Floor, 
 Magu, 
Male', Republic of Maldives","Sublessee:
John Keells Maldivian Resorts Pvt Ltd 
Address: G. Kelam 4th Floor,
Hithaffinivaa Magu, 
Male', Republic of Maldives","Operating"
"28","Cinnamon Hakuraa Huraa Maldives","Meemu","Hakuraahuraa","100","200","3313738
3332867","3326264","manager@maleoffice.com.mv","672-6000","672-6000","hakura@cinnamonhotels.com / resorts@cinnamonhotels.com","Fantasea World Investments Pvt. Ltd.
G. Kelam 4th Floor, 
Hithaffinivaa Magu, 
Male', Republic of Maldives","Fantasea World Investments Pvt. Ltd.
G. Kelam 4th Floor, 
Hithaffinivaa Magu, 
Male', Republic of Maldives","-","Operating"
"29","Cinnamon Velifushi Maldives","Vaavu","Aarah","90","180","3336000","3326264","velifushi@cinnamonhotels.com","6706000","6706000","manager@maleoffice.com.mv","Tranquility Pvt. Ltd. 
2nd Floor H. Maizan, Sosun Magu
Male', Republic of Maldives","Aaarah Investment Pvt Ltd 
M. Omadu Fannu (2nd Floor)
Male', Republic of Maldives","","Operating"
"30","Club Med Finolhu Villas","Kaafu","Gasfinolhu","52","104","3314149
6642078","3314150
6645941","kanvcrec01@clubmed.com","660 8800","660 8800","kanvcrec01@clubmed.com","Maldivian Holiday Villages Private Ltd
Club Med Kanifinolhu, 
Kaafu Atoll, 
PO Box 2051, 
Male', Republic of Maldives","Global Pvt Ltd
Champa Building, 3rd Floor
Kandi Dhon Manik Goalhi
Male', Rep.. of Maldives","-","Operating"
"31","Club Med Kanifinolhu","Kaafu","Kanifinolhu","272","544","332 2451","332 3523","info@cyprea.com.mv","6644859 / 6643152","","info@cyprea.com.mv / kancplan01@clubmed.com","Maldivian Holiday Villages Ltd  (On Behalf of Club Mediterrannee S. A) (FC-0007/2012)
11 Rue De Cambrai
75957 Paris Cedex 19, France","Cyprea Pvt. Ltd. (436)
66/17 Boduthakurufaanu Magu
Male', Republic of Maldives","","Operating"
"32","Coco Bodu Hithi","Kaafu","Boduhithi","100","200","3324658
3336611","3325542
3336622","sunland@dhivehinet.net.mv","","","reservations@cococollection.com","Sunland Hotels Pte. Ltd.
H. Moonlit Villa
Medhuziyaaraiy Magu
Male', Republic of Maldives","Shinetree Holdings Pvt Ltd.(C-0198/1994)
Oceanic Building
No.7 Boduthakurufaanu Magu 
Male', Republic of Maldives","","Operating"
"33","Coco Palm Dhunikolhu","Baa","Dhunikolhu","98","196","332 4658
 333 6611
 6600011","332 5542
 333 6622","sunland@dhivehinet.net.mv","6646600","","reservations@cococollection.com","Sunland Hotels Pte. Ltd.
#04-01, STO Trade Center,
Orchid Magu
Male', Republic of Maldives","Sunland Hotels Pte. Ltd.
#04-01, STO Trade Center, 
Orchid Magu
Male', Republic of Maldives
sunland@dhivehinet.net.mv","","Operating"
"34","Cocoa Island","Kaafu","Makunufushi","33","66","6641818","6641919","oscar.perez@comohotels.com","6641818","","res.cocoaisland@comohotels.com","Orchid Resorts Management Pvt. Ltd.
H. Deens Villa, Meheli Goalhi
Male', Republic of Maldives","Ahmed Fayaz Waheed
Shaamilaa Abdulla
Mohamed Niyaz Waheed
Aminath Riyaaza Waheed
Aishath Shiyaaza Waheed
Fathmath Shifaza waheed
Hawwa Hifaza Waheed
Ibrahim Shiyaz Waheed
Hassan Mafaz Waheed
mariyam Ali
M. Sosunmaage, Male'
(Legal Heirs of the late Abdulla Waheed,
 M. Sosunmaage)","","Operating"
"35","Cocogiri Island Resort","Vaavu","Vashugiri","40","80","7893579 / 7932230","","vashugirimaldives@gmail.com
http://www.cocogiri.com/","+9606709998 / +9606709998","","info@cocogiri.com","Vashugiri Pvt Ltd
M. Anchorage, 1st Floor
Shaheed Ali Hingun
Male', Republic of Maldives","Vashugiri Pvt Ltd
M. Anchorage, 1st Floor
Shaheed Ali Hingun
Male', Republic of Maldives","","Operating"
"36","Cocoon Maldives","Lhaviyani","Ookolhu Finolhu","151","302","3016888","3016800","info@cocoonmaldives.com","301 6800","","info@cocoonmaldives.com","Cocoon Investments Pvt Ltd 
H. Sonary, 2nd Floor
Boduthakurufaanu Magu
Male', Republic of Maldives","Cocoon Investments Pvt Ltd 
H. Sonary, 2nd Floor
Boduthakurufaanu Magu
Male', Republic of Maldives","","Operating"
"37","Como Maalifushi","Thaa","Male'fushi","76","152","6780008
7778684","6780009","email@reefinvest.com
sawad.plc@gmail.com","6780009","6780009","benjamincruez@comohotels.com / res.maalifushi@comohotels.com","I.V.P.L Investment Ventures Pvt. Ltd 
H. #04-01, Millennia Tower,
10 Ameer Ahmed Magu, 
Male', Republic of Maldives","I.V.P.L Investment Ventures Pvt. Ltd.
H. #04-01, Millennia Tower,
10 Ameer Ahmed Magu, 
Male', Republic of Maldives","-","Operating"
"38","Conrad Maldives Rangali Island","Alifu Dhaalu","Rangalifinolhu","176","352","3013211 / 7779779","-","shahdy@suoodanwar.com
lamaan@suoodanwar.com","6680629 / 9309999","6680629 / 9309999","mlehi.maldives@conradhotels.com","Maldives Property Holdings Pvt Ltd
H. #02-01, Millennia Tower, 
10 Ameer Ahmed Magu
Male', Republic of Maldives","Maldives Property Holdings Pvt Ltd
H. #02-01, Millennia Tower, 
10 Ameer Ahmed Magu
Male', Republic of Maldives","Hilton International Manage (Maldives) Pvt Ltd
H. Aage, 06th Floor
Boduthakurufaanu Magu
Male', Republic of Maldives","Operating"
"39","Constance Halaveli Resort","Alifu Alifu","Halaveli","86","172","3343613
3343614","3343615","officemgr@halaveli.com","666 7000","666 7000","resa@constancehotels.com","The Waterfront Pvt Ltd .
2nd Floor, H.Thandiraiymaage
Roashanee Magu
Male', Republic of Maldives","Ari Atoll Services Ltd (FC)
C/O Multiconsult Limited, 
Les Cascades Building, 
Edith Cavell Street, 
Port Louis Mauritius","Constance Hotels International Services Ltd (FC)
C/o ECS Global Ltd, 3rd Floor, 
Labama House, 
Sir William Newton Street, 
Port Louis Mauritius","Operating"
"40","Constance Moofushi Resort","Alifu Dhaalu","Moofushi","110","220","333 3644
668 0517","331 5453
668 0509","ea@moofushiresort.com
www.moofushiresort.com","668 05 09","","mkt@constancehotels.com","Moofushi Development Ltd.
10, Frere Felix de Valois Street
Port Loius, Mauritius
c/o Shah Hussain & Co.
12, Boduthakurufaanu Magu
2nd Floor (East Wing) H.Aage
Male', Rep. of Maldives","Moofushi Investments Pvt. Ltd.
Yaagoothuge, Muniyaa Magu
Male'Republic of Maldives","","Operating"
"41","Cora Cora Maldives","Raa","Maamigili","106","212","3344911","","info@coracoraresorts.com","","","info@coracoraresorts.com","HMM Pvt Ltd 
H. Millennia Tower 
10, Ameer Ahmed Magu 
Male', Republic of Maldives","Legal Heirs of Late Ahmed Waheed
G. Vaffushi  
Male', Republic of Maldives","","Operating"
"42","Dhawa Ihuru","Kaafu","Ihuru","45","90","6658205","(65)4620186
6645933","mohamed.naeem@banyantree.com","960 664 3502","960 664 3502","reservations-ihuru@angsana.com","Maldives Angsana Pvt Ltd 
M. Gulfaamuge, 04th Floor
Fareedhee Magu
Male', Republic of Maldives","Ihuru Investments Pvt Ltd 
Ma. Rimkhaa, Ground Floor
Dhilbahaaru Goalhi,
Male', Republic of Maldives","Banyan Tree Resorts Ltd
China Insurance Group Building, 2401, 24th floor, 141 Des Voeux Road Central, Hong Kong","Operating"
"43","Dheruhfinolhu by Jawakara Islands Maldives","Lhaviyani","Dheruhfinolhu","93","186","7785035","-","reservations@jawakara.com","6629999","6628888","","Champalars Holdings Pvt Ltd 
M. Champa Building 4th Floor, 
Kandi Dhonmaniku Goalhi, 
Male', Republic of Maldives","Champalars Holdings Pvt Ltd 
M. Champa Building 4th Floor, 
Kandi Dhonmaniku Goalhi, 
Male', Republic of Maldives","-","Operating"
"44","Dhiggiri Tourist Resort","Vaavu","Dhiggiri","61","122","3323214","","reservations@dhiggiriresort.com","6700593","6700593","reservations@dhiggiriresort.com",""Dhiggiri Investment Pte Ltd. 
Opera Building, Chaandhanee Magu
Male', Republic of Maldives"",""Dhiggiri Investment Pte Ltd.
Opera Building, Chaandhanee Magu
Male', Republic of Maldives
mmtours@dhivehinet.net.mv"","","Operating"
"45","Dhigufaru Island Resort","Baa","Dhigufaruvinagandu","85","170","3302656","3330804","info@dhigufaru.com","660-2656","660-2656","reservations@dhigufaru.com","Dhigufaru Investments Pvt Ltd 
M. Huraa
Fareedhee Magu
Male', Republic of Maldives","Dhigufaru Investments Pvt Ltd 
M. Huraa
Fareedhee Magu
Male', Republic of Maldives","","Operating"
"46","Diamonds Athuruga Beach & Water Villas","Alifu Dhaalu","Athurugau","72","144","3323617","3325336","info@voyages.com","6680508","6680508","es.athuruga@diamonds-resorts.comiinfo@voyagesmaldives.com","F & P Worlds Sporting & Hotel Pvt Ltd 
M. No. 2, 
Fareedhee Magu, 
Male', Republic of Maldives","Voyages Maldives Pvt Ltd 
M. Narugis,
Chandhanee Magu,
Male', Republic of Maldives","F & P Worlds Sporting and Hotel Private
Limited 
M. No. 2, 
Fareedhee Magu
Male', Republic of Maldives","Operating"
"47","Diamonds Thudufushi Beach and Water Villas","Alifu Dhaalu","Thundufushi","72","144","332 5349
332 3617","332 5336","info@seagull.com.mv","6680583","6680583","info.thudufushi@diamonds-resorts.com","Seagull Group Pvt. Ltd.
Narugis, 
Chaandhanee Magu
Male', Republic of Maldives","Seagull Group Pvt. Ltd.
Narugis, 
Chaandhanee Magu
Male', Republic of Maldives","-","Operating"
"48","Dreamland - The Unique Sea & Lake Resort/Spa","Baa","Hirundhoo","90","180","3313523","3313522","info@happymarket.com.mv","660-0101","660-0101","reservations@dreamland.com.mv","Angiri Joint Venture Pvt Ltd 
M. Newport, 
Ameenee Magu, 
Male', Republic of Maldives","Angiri Joint Venture Pvt Ltd 
M. Newport, 
Ameenee Magu, 
Male', Republic of Maldives","-","Operating"
"49","Drift Theluveliga Retreat","Alifu Dhaalu","Theluveliga","30","60","3347777","3347887","info@driftretreat.com
hawwa.shakeela@theluveligaretreat.com
nabeel.hilmy@castawaymaldives.com","6680668","6680668","info@driftretreat.com","Theluveliga Retreat Pvt Ltd 
Ma. Vahaari, 
Javaahiru Goalhi, 
Male', Republic of Maldives","Theluveliga Retreat Pvt Ltd 
Ma. Vahaari, 
Javaahiru Goalhi, 
Male', Republic of Maldives","-","Operating"
"50","Dusit Thani Maldives","Baa","Mudhdhoo","104","208","660 8888","660 9999","bhanwar.ratore@dusit.com","6608888","6608888","bhanwar.rathore@dusit.comresmaldives@dusit.com","Dusit Maldives Management Pvt Ltd,  
H. #02-01, Millenia Tower, 
10 Ameer Ahmed Magu, 
Male', Republic of Maldives","Dusit Maldives Investment Pvt Ltd,
H. #02-01, Millenia Tower, 
10 Ameer Ahmed Magu, 
Male', Republic of Maldives","Dusit Worldwide Maldives Pvt Ltd,  
H. #02-01, Millenia Tower, 
10 Ameer Ahmed Magu, 
Male', Republic of Maldives","Operating"
"51","dusitD2","Kaafu","Feydhoo Finolhu","69","138","6689988","-","https://www.dusit.com/","6689988","-","resd2md@dusit.com","Pearl Atoll Pvt Ltd 
H-Block 3.5, First Floor, Feydhoo Finolhu, Kaafu Atoll, Republic of Maldives","Pearl Atoll Pvt Ltd 
H-Block 3.5, First Floor, Feydhoo Finolhu, Kaafu Atoll, Republic of Maldives","Dusit Worldwide Maldives Pvt Ltd
H. #02-01, Millennia Tower 10, 
Ameer Ahmed Magu, 
Male', Republic of
Maldives","Operating"
"52","Ellaidhoo Maldives By Cinnamon","Alifu Alifu","Ellaidhoo","112","224","331 3738
333 2867","332 6264","resorts@cinnamonhotels.com","666 0514","","ellaidhoo@cinnamonhotels.com","Travel Club Pvt. Ltd. 
H. Maizaan, 2nd Floor
Sosun Magu
Male', Republic of Maldives","Ellaidhoo Investments Pvt Ltd
5A STO Aifaanu Building, 
Boduthakurufaanu Magu Male', Republic of Maldives","","Operating"
"53","Embudhu Village","Kaafu","Embudhu","118","236","3322212
3318005","3318057","kaimoo@dhivehinet.net.mv","664 4776.","664 4776.","gm@embudhuvillage.com / sales@embudhuvillage.com.mv","Kaimoo Travels & Hotels Services Pvt. Ltd.
H. Maagala, 
Meheli Goalhi
Male', Republic of Maldives","Kaimoo Travels & Hotels Services Pvt. Ltd.
H. Maagala, 
Meheli Goalhi
Male', Republic of Maldives","-","Operating"
"54","Emerald Faarufushi Resort & Spa","Raa","Faarufushi","88","176","6582100","","gm@emerald-faarufushi.com","6588000","","info@emeraldmaldives-seana.com","Fasmendhoo Pvt Ltd 
H. Aage, 6th Floor, 
12 Boduthakurufaanu Magu
Male', Republic of Maldives","Fasmendhoo Pvt Ltd 
H. Aage, 6th Floor, 
12 Boduthakurufaanu Magu
Male', Republic of Maldives","","Operating"
"55","Emerald Maldives Resort & Spa Fasmendho","Raa","Fasmendhoo","143","286","6582100","-","gm@emerald-maldives.com","6582100","6582100","tscarapicchia@fasmendhoo.com / reservations@emerald-maldives.com","Emil Resort Pvt Ltd 
H. Aage, 06th Floor, 
Boduthakurufaanu Magu, 
Male', Republic of Maldives","Emil Resort Pvt Ltd
H. Aage, 06th Floor, 
Boduthakurufaanu Magu, 
Male', Republic of Maldives","Seana S.R.L (FC)
C/O Shah Hussain & CO Barristers and Attorneys, 
H. Aage, 12 (6th Floor),
Boduthakurufaanu Magu, 
Male', Republic of Maldives","Operating"
"56","Eri Maldives","Kaafu","Eriyadhu","76","152","9130614","-","reservations@eriyadumaldives.com","6644487","6644487","reservations@eriyadumaldives.com","Eri Holdings Pvt Ltd 
M. Kaneeru Villa, 4th Floor,
Orchid Magu, 
Male’, Republic of Maldives","Eri Holdings Pvt Ltd 
M. Kaneeru Villa, 4th Floor,
Orchid Magu, 
Male’, Republic of Maldives","-","Operating"
"57","Fihaalhohi Maldives","Kaafu","Fihaalhohi","150","300","3006876","3006879","info@fehimoorithi.com","664 2903","664 2903","info@fihalhohi.com.mv","Fehi Moorithi Pvt Ltd 
6th Floor, Moorithi Buiding 
Chaandhanee Magu
Male', Republic of Maldives","Fehi Moorithi Pvt Ltd 
6th Floor, Moorithi Buiding 
Chaandhanee Magu
Male' City, Republic of Maldives","","Operating"
"58","Filitheyo Island Resort","Faafu","Filitheyo","125","250","331 7373","332 1862","admin@aaa.com.mv","6740025","6740025","project@aaa.com,mv","A.A.A. & Trading Company Pvt. Ltd.
G. Neem, Majeedhee Magu
Male', Republic of Maldives","A.A.A. & Trading Company Pvt. Ltd.
#17 & 19 Chaandhanee Magu
Male', Republic of Maldives","","Operating"
"59","Finolhu Baa Atoll Maldives","Baa","Kanufushi","168","336","3333644","3315453","dheena@shclawyers.com","6608800","6608800","stay@finolhu.mv","Seaside Finolhu Maldives Pvt Ltd 
6th Floor, H. Aage'
12 Boduthakurufaanu Magu
Male', Republic of Maldives","Seaside Finolhu Maldives Pvt Ltd 
6th Floor, H. Aage'
12 Boduthakurufaanu Magu
Male', Republic of Maldives","-","Operating"
"60","Four Seasons Private Island Maldives at Voavah","Baa","Voavah","11","26","6600888","6600800","gan@hplhotels.com","66 00 888","66 00 888","reservations.mal@fourseasons.com","Landaa Giraavaru Pvt. Ltd. 
M. Lux Lodge, Level 2
Orchid Magu
Male’, Republic of Maldives","Landaa Giraavaru Pvt. Ltd. 
M. Lux Lodge, Level 2
Orchid Magu
Male’, Republic of Maldives","FS Kuda Huraa Hotel Management Pvt. Ltd.
Kuda Huraa, Kaafu Atoll
Republic of Maldives","Operating"
"61","Four Seasons Resort Maldives at Kuda Huraa","Kaafu","Kuda Huraa","112","224","6644888","6644888","reservations.maldives@four-seasons.com","9606600888","","RESERVATIONS.MAL@FOURSEASONS.COM","Four Seasons Hotel & Resorts BVI
(On behalf ofHPL Resorts (Maldives) Pvt. Ltd. 
Aurora Building, 7th Floor, Stadhouderskade 2
1054 Es Amsterdam, Netherlands","HPL Resorts (Maldives) Private Limited.
M. Lux Lodge, 2nd Floor
Orchid Magu
Male', Republic of Maldives","Fs Kuda Huraa Hotel Management Pvt. Ltd. 
c/o Four Seasons Hotels and Resorts Asia Pacific Pte. Ltd, 1 Orchard Sprig Lane #04-01, Tourism Court, Singapore 247729","Operating"
"62","Four Seasons Resort Maldives at Landaa Giraavaru","Baa","Landaa Giraavaru","145","290","3330888","0065 6738 8379
660 0700","reservations.mal@fourseasons.com","6600888","6600888","reservations.mal@fourseasons.com","Landaa Giraavaru Pvt Ltd (FC)
H. #02-1, Millennia Tower, 
Male', Republic of Maldives","Landaa Giraavaru Pvt Ltd (FC)
H. #02-1, Millennia Tower, 
Male', Republic of Maldives","FS Kuda Huraa Hotel Management Pvt Ltd 
Kuda Huraa, Kaafu Atoll
Republic of Maldives","Operating"
"63","Furaveri Maldives","Raa","Furaveri","171","342","3317315","3317723","cfo@furaveri.com","6581111","6581111","reservations@furaveri.com","NAID Investments Pvt Ltd 
M. Newton, 3rd Floor
Dhanbu Goalhi
Male', Republic of Maldives","Ahmed Ibrahim Didi 
Ma. Niyazvilla, 10th Floor
Buruzumagu
Male', Rep. of Maldives","-","Operating"
"64","Fushifaru Maldives","Lhaviyani","Fushifaru","63","126","3331512","3331513","info@fushifaru.com","6620202","6620303","reservations@fushifaru.com","Fushifaru Investments Pvt Ltd 
M. Loobiya, 4th Floor
Ameenee Magu
Male', Republic of Maldives","Fushifaru Investments Pvt Ltd
M. Loobiya, 4th Floor
Ameenee Magu
Male', Republic of Maldives","","Operating"
"65","Gangehi Island Resort","Alifu Alifu","Gangehi","36","72","332 9013","332 9014","info@gangehi.com / info@fushifaru.com","666-0505","666-0505","info@gangehi.com / info@fushifaru.com","Noomadi Resorts Pvt. Ltd.
H. East Light, No.4/A, 4th floor, 
Ameer Ahmed Magu, 
Male', Republic of Maldives","Gangehi Invesments Pvt Ltd
H. Dhonveli Thundi, Ground Floor, 
Dhunbugas Magu, 
Male', Republic of Maldives","-","Operating"
"66","Gili Lankanfushi","Kaafu","Lankanfushi","49","98","3336663","","promus@sonevagili.com.mv","664-0304","664-0304","mr.friday@gili-lankanfushi.com","Promus Pvt. Ltd.
2nd Floor, 3/4 Faamudheyri Magu
Male', Republic of Maldives","Transco Pvt Ltd
2nd Floor, H. Marvel
Male', Republic of Maldives","","Operating"
"67","Grand Park Kodhipparu Maldives","Kaafu","Kodhipparu","125","250","6651111","6651122","info@parkhotelgroup.com
raffaele.solferino@parkhotelgroup.com","665 1111","","info.gpkd@parkhotelgroup.com","CES Park Kodhipparu Pvt Ltd 
H. Aage, 6th Floor
Male', Republic of Maldives","CES Park Kodhipparu Pvt Ltd
H. Aage, 6th Floor
Male', Republic of Maldives","","Operating"
"68","Hard Rock Hotel Maldives","Kaafu","Akasdhoo","197","394","+9606651400","","rsvn@hrhmaldives.com","6551400","6551400","info@hrhmaldives.com","Dream Islands Development 2 Pvt. Ltd. 
H. #02-01, Millennia Tower, 10 Ameer Ahmed Magu, Male', Republic of Maldives","Dream Islands Development 2 Pvt. Ltd. 
H. #02-01, Millennia Tower, 10 Ameer Ahmed Magu, Male', Republic of Maldives","","Operating"
"69","Heritance Aarah","Raa","Aarah","158","316","6580222","","mahdy@aitkenspence.lk","6580222","6580222","mahdy@aitkenspence.lk","Cowrie Investment Pvt Ltd 
H. Thuniya, 6th Floor, 
Boduthakurufaanu Magu, 
Male', Republic of Maldives","Cowrie Investment Pvt Ltd 
H. Thuniya, 6th Floor, 
Boduthakurufaanu Magu, 
Male', Republic of Maldives","-","Operating"
"70","Hilton Maldives Amingiri Resort & Spa","Kaafu","Kohdhipparu Lagoon","132","264","7776789","","nihad@amin.mv","7300500","7300500","gaurav.thakur@hilton.com","Amingiri Holdings Pvt Ltd 
M. World Dream, 2nd Floor
Handhuvaree Hingun
Male', Republic of Maldives","Amingiri Holdings Pvt Ltd 
M. World Dream, 2nd Floor
Handhuvaree Hingun
Male', Republic of Maldives","Hilton Worldwide Management Ltd 
Maple Court, Central Park, Reeds Crescent, Watford WD244QQ, England","Operating"
"71","Holiday Inn Resort Kandooma Maldives","Kaafu","Kandoomafushi","162","324","3314377","3314378","sales.hikandooma@ihg.com / reservations.hikandooma@ihg.com","6640511","6640511","sales.hikandooma@ihg.com / reservations.hikandooma@ihg.com","Leisure Holidays Pvt Ltd
H. Millennia Tower, #02-01, 10 
Ameer Ahmed Magu, 20026, 
Male', Republic ofMaldives","Kandooma Holdings Pvt Ltd 
H. Aagadhage Building, 5th Floor, 
Boduthakurufaanu Magu, 
Male', Republic of Maldives","Intercontinental Hotels Group (Greater China) Ltd 
Level 54, Hopewell Centre, 
Hong Kong, 183 Queens Road East, China","Operating"
"72","Hondaafushi Island Resort","Haa Dhaalu","Hondaafushi","57","114","3317373","3316016","sales@aaa.com.mv","674-0025","674-0025","hondaafushi@aaa.com.mv","Hondaafushi Island Resort (SP)
Mr. Abdulla Ali 
M. Three A Villa
Fareedhee Magu
Male', Republic of Maldives","Mr. Abdulla Ali
M. Three A Villa
Fareedhee Magu
Male', Republic of Maldives","-","Operating"
"73","Hurawalhi Island Resort","Lhaviyani","Huravalhi","90","180","3326545","3326544","md@champabrothers.com","6622000","","reservations@hurawalhi.com","Champalars Holdings Pvt Ltd 
M. Champa Building, 4th Floor
Kani Dhonmaniku Goalhi
Male', Republic of Maldives","Champalars Holdings Pvt Ltd 
M. Champa Building, 4th Floor
Kani Dhonmaniku Goalhi
Male', Republic of Maldives","","Operating"
"74","Huvafenfushi Maldives","Kaafu","Nakatchafushi","51","102","3323080","3320274","stay@huvafenfushi.com","6644222","6644222","stay@huvafenfushi.com / www.huvafenfushi.com","Nakatchafushi Holdings Pvt. Ltd.  
H. 39, Orchid Magu
Male', Republic of Maldives","Nakatchafushi Holdings Pvt. Ltd.
H. 39, Orchid Magu
Male', Republic of Maldivesv","Nakatchafushi Holdings Pvt. Ltd. 
H. 39, Orchid Magu
Male', Republic of Maldives","Operating"
"75","Inter Continental Maldives Maamunagau","Raa","Maamunagau","97","194","657345250 / 6580500","","gan@hplhotels.com / james.sutcliffe@ihg.com","6580500","","reservations.icmaldives@ihg.com","Leisure Horizons Pvt Ltd 
M. Lux Lodge (2nd Floor) 
Orchid Magu 
Male', Republic of Maldives","Leisure Horizons Pvt Ltd 
M. Lux Lodge (2nd Floor) 
Orchid Magu 
Male', Republic of Maldives","Inter Continental Hotels Group (Greater China) Ltd
230 Victoria Street, # 13-00
Bugis Junction Tower
Singapore 188024","Operating"
"76","JA Manafaru","Haa Alifu","Manafaru","88","176","3344720","3344721","william.harleyfleming@dutco.com","6500400","6500400","vlsd.reyes@jaresorts.com","Jarh Maldives Pvt Ltd 
Marina Building, 7th Floor
Koli Umar Maniku Goalhi
Male', Republic of Maldives","Jarh Maldives Pvt Ltd 
Marina Building, 7th Floor
Koli Umar Maniku Goalhi
Male', Republic of Maldives","","Operating"
"77","Joali Being Bodufushi","Raa","Bodufushi","85","170","3005551","","masoodh@momentum.com.mv","6583100","","info.being@joali.com","Ali Bey Maldives Pvt Ltd
Ma. MF Building, 3rd Floor
Chaandhanee Magu
Male', Republic of Maldives","Ali Bey Maldives Pvt Ltd 
Ma. MF Building, 3rd Floor
Chaandhanee Magu
Male', Republic of Maldives","","Operating"
"78","Joali Muravandhoo","Raa","Muravandhoo","80","160","3305515","","pa@momentum.com.mv","6584400","6584404","masoodh@momentum.com.mv","Ali Bey Maldives Pvt Ltd 
Ma. MF Building, 3rd Floor
Chaandhanee Magu
Male', Republic of Maldives","Ali Bey Maldives Pvt Ltd
Ma. MF Building, 3rd Floor
Chaandhanee Magu
Male', Republic of Maldives","","Operating"
"79","Joy Island","Kaafu","Island 1 Plot of Lagoon","153","306","6626888 / 6649966 / 3016888","","booking@cocoonmaldives.com
info@cocoonmaldives.com","6626888","6626888","alex@cocoonmaldives.com; akbar@akbar.com","Joy Resort Pvt Ltd 
H. Sonary, 2nd Floor,
Boduthakurufaanu Magu,
Male', Republic of Maldives","AB Lagoon Pvt Ltd
H. Sonary, 2nd Floor,
Boduthakurufaanu Magu,
Male', Republic of Maldives","","Operating"
"80","Jumeirah Maldives Olhahali Island","Kaafu","Olhahali","91","182","7731865
7951795","-","lamaan@sandalawyers.com
sama@sandalawyers.com","6682600","-","reservations.jmh@jumeirah.com","Grand Meridian Pvt Ltd 
H. #04-01, Millennia Tower,
10 Ameer Ahmed Magu,
Male', Republic of Maldives","Trifidus Investments Pvt Ltd 
M. Kaneeru Villa, 6th Floor,
Orchid Magu,
Male', Republic of Maldives","Maldives 1 Hospitality Pvt Ltd 
H. Millenia Tower, #02-01,
10 Ameer Ahmed Magu,
Male', Republic of Maldives","Operating"
"81","JW Marriott Kaafu Atoll Island Resort","Kaafu","Hathaafinolhu","86","172","3005515","-","Ibrahim.ishfaaq@momentum.com.mv","665-6666","665-6666","https://www.marriott.com/en-us/hotels/mlejm-jw-marriott-maldives-kaafu-atoll-island-resort/overview/","Bayswater Maldives Pvt Ltd
M. Faamdheyrige Building, 5th floor, Unit C, 
Orchid Magu, 
Male', Republic of Maldives","Bayswater Maldives Pvt Ltd
M. Faamdheyrige Building, 5th floor, Unit C, 
Orchid Magu, 
Male', Republic of Maldives","Marriott Hotels Maldives Pvt Ltd 
H. Millennia Tower, #04-01, 
10 Ameer Ahmed Magu, 
Male', Republic of Maldives","Operating"
"82","JW Marriott Maldives Resort & Spa","Shaviyani","Vagaru","73","146","3006966","3006696","lamaan@suoodanwar.com
shahdy@suoodanwar.com","6545555","6545555","jw.mlejs.rsvn@marriothotels.com","Bon Free Private Limited
H. Aage, Boduthakurufaanu Magu
Male', Republic of Maldives
www.viceroyhotelsandresorts.com","Bon Free Private Limited
H. Aage, Boduthakurufaanu Magu
Male', Republic of Maldives
www.viceroyhotelsandresorts.com","Marriott Hotels Maldives Pvt Ltd 
H. Orchidmaage, 1st Floor
Ameer Ahmed Magu
Male', Republic of Maldives","Operating"
"83","Kagi Maldives Resort and Spa","Kaafu","Kagi","50","100","3326712","-","cfo@champaresorts.com","6640123","6640123","info@kagimaldives.com","Kagi Development Pvt Ltd 
Champa Building, 3rd Floor
Kandi Dhon Maniku Goalhi
Male', Republic of Maldives","Kagi Development Pvt Ltd
Champa Building, 3rd Floor
Kandi Dhon Maniku Goalhi
Male', Republic of Maldives","","Operating"
"84","Kandima Maldives","Dhaalu","Kadinma","272","544","7980082","","imdad.mohamed@pulseresorts.com","676 0077","676 0077","mykindofplace@kandima.com","Kandinma Holdings Pvt Ltd 
M. Kaneeru Villa, 04th Floor
Orchid Magu
Male', Republic of Maldives","Kandinma Holdings Pvt Ltd 
M. Kaneeru Villa, 04th Floor
Orchid Magu
Male', Republic of Maldives","","Operating"
"85","Kandolhu Maldives","Alifu Alifu","Kandholhudhoo","30","60","6680789 / 6680790
3323080","6680788
3333618","www.kandholhu.com","668 0790","668 0790","info@kandolhu.com","Kandholhudhoo Holdings Pvt Ltd 
39 Orchid Magu, 
Male', Republic of Maldives","Kandholhudhoo Island Investments Pvt. Ltd. 
39 Orchid Magu,
Male', Republic of Maldives","-","Operating"
"86","Komandoo Island Resort","Lhaviyani","Komandoo","65","130","662 1010","39064706396
332 6544","main@ctnt.com","662 1010","662 1010","reservations@komandoo.com","Komandoo Holdings Pvt. Ltd. 
CHP-3
Kandi Dhon Manik Goalhi
Male', Republic of Maldives","Komandoo Holdings Pvt. Ltd.
CHP-3
Kandi Dhon Manik Goalhi
Male', Republic of Maldives","","Operating"
"87","Kuda Villingili Resort Maldives","Kaafu","Kudavillingili","99","198","3322660","","nahiz.ali@mfarhotels.com","4000900","","reservations@kudavillingili.com","MFAR Kudavillingili Pvt Ltd 
H. Magma, 3rd Floor, 
Nasheed & Co LLP,
Sikka Goalhi, 
Male', Republic of Maldives","MFAR Kudavillingili Pvt Ltd 
H. Magma, 3rd Floor, 
Nasheed & Co LLP,
Sikka Goalhi, 
Male', Republic of Maldives","-","Operating"
"88","Kudadoo Maldives Private island","Lhaviyani","Kudadhoo","17","34","3386545","3326544","aslam@ctnt.com","6622000","6622000","reservations@kudadoo.com","Champalars Holdings Pvt Ltd
M. Champa Building, 4th Floor
Kandi Dhonmaniku Goalhi
Male', Republic of Maldives","Champalars Holdings Pvt Ltd
M. Champa Building, 4th Floor
Kani Dhonmaniku Goalhi
Male', Republic of Maldives","-","Operating"
"89","Kudafushi Resort & Spa","Raa","Kudafushi","107","214","658-0080","","reservations@kudafushiresort.com","7774982","7774982","ali@abnmaldives.com","Silver Drift Maldives Pvt Ltd
H. Eggamuge Aage, 
Karankaa Magu, 
Male', Republic of Maldives","Ali Zahir 
H. Iruvelige
Moonimaa Hingun
Male', Republic of Maldives","-","Operating"
"90","Kuredhivaru Resort and Spa","Noonu","Kuredhivaru","111","222","3322999","","m.gruszecki@zenresorts.site
r.rahman@zenresort.site","656-3000","656-3000","Resort.Kuredhivaru.Reservations@movenpick.com","Zen Resort Pvt. Ltd 
H. Dhoorihaa, 5th floor, 5B, 
Kalaafaanu Hingun, 
Male', Republic of Maldives","Zen Resort Pvt. Ltd
H. Dhoorihaa, 5th floor, 5B, 
Kalaafaanu Hingun, 
Male', Republic of Maldives","-","Operating"
"91","Kuredu Island Resort","Lhaviyani","Kuredu","389","778","3326545","3326544","main@ctnt.com","662-0337","662-0337","info@kuredu.com / reservations@kuredu.com","Kuredhu Holdings (Pvt) Ltd. 
M. Champa Building, 4th Floor, Kandidhonmaniku Goalhi, Male', Republic ofMaldives","Kuredhu Holdings (Pvt) Ltd. 
M. Champa Building, 4th Floor, Kandidhonmaniku Goalhi, Male', Republic ofMaldives","","Operating"
"92","Kurumba Maldives","Kaafu","Vihamanaafushi","181","362","3323080","3333618","kurumba@kurumba.com.mv","6643885","","kurumba@kurumba.com","Vihamanaafushi Holdings Pvt Ltd (C-0448/2011)
39, Orchid Magu
Male'City, Republic of Maldives","Mr. Mohamed Umar Manik  (A053530)
M. Rukkara
Male', Republic of Maldives","","Operating"
"93","Le Méridien Maldives Resort and Spa","Lhaviyani","Thilamaafushi and Bodufinolhu","157","314","3346439","","philip@asters.com.mv","4008888","4008888","reservations.maldives@lemeridien.com","CT At Thilamaafushi Pvt Ltd 
H. Asters Building
Ameer Ahmed Magu
Male', Republic of Maldives","CT At Thilamaafushi Pvt Ltd 
H. Asters Building
Ameer Ahmed Magu
Male', Republic of Maldives","Marriott Hotels Maldives Pvt Ltd
H. Millenia Tower, #04-01
10 Ameer Ahmed Magu
Male', Republic of Maldives","Operating"
"94","Lily Beach Resort","Alifu Dhaalu","Huvahendhoo","125","250","331 7464","331 7466","admin@lilyhotels.com

Website: www.lilybeachmaldives.com","6680013","6680013","admin@lilyhotels.com","Lily Hotels Pvt. Ltd. 
H. Fasmeeru Building, 2nd Floor,
Boduthakurufaanu Magu,
Male', Republic of Maldives","Lily Hotels Pvt. Ltd. 
H. Fasmeeru Building, 2nd Floor,
Boduthakurufaanu Magu,
Male', Republic of Maldives","-","Operating"
"95","Lux* South Ari Atoll, Maldives","Alifu Dhaalu","Dhidhdhoofinolhu","193","386","331 2204","331 7508","reservation@luxresorts.com / stay@luxmaldivesresort.com","668-0901","668-0901","reservation@luxresorts.com / stay@luxmaldivesresort.com","White Sands Resort and Spa Pvt Ltd
Jazeera Building, 5th Floor
Boduthakurufaanu Magu
Male', Republic of Maldives","Ari Beach Co Pvt Ltd
M.Kinbidhooge
Izzudheen Magu
Male', Republic of Maldives","","Operating"
"96","Maayafushi Tourist Resort","Alifu Alifu","Maayafushi","75","150","3323214","3322516","manager.maleoffice@nakairesorts.com","6660588","6660588","maayafushi@nakairesorts.com / reservations@maayafushi.com","Maayafushi Resort Management Pvt Ltd 
M. Omadu Fanu Building, 2nd Floor 
Haveeree Hingun
Male', Republic of Maldives","I.R.T.S Private Limited
M.Omadu Fanu Building, 2nd Floor
Haveeree Hingun
Male', Republic of Maldives","","Operating"
"97","Mabinhura by Jawakara Islands Maldives","Lhaviyani","Maabinhuraa","212","424","7785035","","aslam@ctnt.com","6629999","6629999","reservations@jawakara.com / https://jawakara.com/","Kuredu Holdings Private Limited 
M. Champa Building, 4th Floor
Kandidhonmaniku Goalhi 
Male', Republic of Maldives","Kuredu Holdings Private Limited 
M. Champa Building, 4th Floor
Kandidhonmaniku Goalhi 
Male', Republic of Maldives","","Operating"
"98","Machchafushi Island Resort & Spa Maldives, The Centara Collection","Alifu Dhaalu","Machchafushi","112","224","330 6566
 333 3644","331 5453
332 3463","ahrdcirm@chr.co.th","668 8000","668 8000","cirm@chr.co.th","R.M.L Leisure Pvt. Ltd.
c/o Shah, Hussain & Co.
2nd Floor, (West Wing) H. Aage
12, Boduthakurufaanu Magu
Male', Republic of Maldives","Sioux Investment Pvt. Ltd.
2nd Floor, Filla Building 
Boduthakurufaanu Magu
Male', Republic of Maldives","Centara International Management Co, Ltd
 (manager since 11th Oct 2009)","Operating"
"99","Madifushi Private Island","Meemu","Madifushi","88","174","6720000","","stay@madifushiprivateisland.com","6720000","","stay@madifushiprivateisland.com","Maldives Inflight Catering Pte Ltd
Velana International Airport
Hulhule' 22000, Republic of Maldives","Maldives Inflight Catering Pte Ltd
Velana International Airport
Hulhule' 22000, Republic of Maldives","","Operating"
"100","Makunudu Island","Kaafu","Makunudhoo","36","72","3324658","3325543","sunland@dhivehinet.net.mv","664 6464","664 6464","info@makunudu.com","Sunland Travel (Pvt) Ltd.
G.Shafaq,7th Floor
Rah Dhebai Magu
Male', Republic of Maldives","Sunland Travels (Pvt) Ltd.
H.Millenia
Ameeru Ahmed Magu
Male', Republic of Maldives
sunland@dhivehinet.net.mv","","Operating"
"101","Malahini Kuda Bandos","Kaafu","Kuda Bandos","82","164","6644556","","social@malahini.mv","6644556","6644556","reservations@malahini.mv","Malahini Holdings Pvt Ltd 
H. Jazeera, 03rd Floor, No. 15
Boduthakurufaanu Magu
Male', Republic of Maldives","Malahini Holdings Pvt Ltd 
H. Jazeera, 03rd Floor, No. 15
Boduthakurufaanu Magu
Male', Republic of Maldives","","Operating"
"102","Medhufushi Island Resort","Meemu","Medhufushi","120","240","7785861 / 6720026","-","ereservations@aaaresorts.com","6720026","6720026","info@medhufushiisland.com / reservations@medhufushiisland.com","Medhufushi Investment Pvt Ltd 
G. Neem, 
Majeedhee Magu, 
Male', Republic of Maldives","Medhufushi Investment Pvt Ltd 
G. Neem, 
Majeedhee Magu, 
Male', Republic of Maldives","-","Operating"
"103","Meeru Maldives Resort Island","Kaafu","Meerufenfushi","284","568","3314149","3314150","cfo@champaresorts.com
reservations@meeru.com","6645946","6645946","reservations@meeru.com","KASA Holdings Pvt. Ltd.
M. Champa Building, 3rd Floor
Kandi Dhonmaniku Goalhi
Male', Republic of Maldives","KASA Holdings Pvt. Ltd.
M. Champa Building, 3rd Floor
Kandi Dhonmaniku Goalhi
Male', Republic of Maldives","-","Operating"
"104","Melia Whale Lagoon Maldives","Alifu Dhaalu","Bodufinolhu","100","200","7797779 /  3013200","Website: https://www.melia.com/","shahdy@sandalawyers.com","6683000","6683000","reservations.meliawhalelagoon@melia.com","ASB Hotel Properties Maldives Pvt Ltd 
H. #02-01, Millennia Tower, #02-001
Ameer Ahmed Magu
Male', Republic of Maldives","ASB Hotel Properties Maldives Pvt Ltd 
H. #02-01, Millennia Tower, #02-001
Ameer Ahmed Magu
Male', Republic of Maldives","-","Operating"
"105","Meyyafushi Maldives","Lhaviyani","Meyyafushi","88","176","3331512 / 3331513","Website: www.meyyafushi.com","info@muni.com.mv","6620303","6620303","info@meyyafushi.com","Meyyafushi Investments Private Limited
M. Loobiya , 5th Floor,
Ameenee Magu, 
Male', Republic of Maldives","Meyyafushi Investments Private Limited
M. Loobiya , 5th Floor,
Ameenee Magu, 
Male', Republic of Maldives","-","Operating"
"106","Milaidhoo Island Maldives","Baa","Milaidhoo","50","100","3323080","3320274","iyaz.waheed@universalenterprises.com","660 77 88","","welcome@milaidhoo.com","Universal Enterprises Pvt Ltd 
39, Orchid Magu
Male', Republic of Maldives","Universal Enterprises Pvt Ltd 
39, Orchid Magu
K.Male', Republic of Maldives","","Operating"
"107","Nala Maldives by Jawakara","Lhaviyani","Innahuraa","42","84","6623434 / 7292415","Website:  www.jawakara.com","reservations@jawakara.com","6620000","6620000","reservations@jawakara.com","Champalars Holdings Pvt Ltd 
M. Champa Building, 4th Floor, 
Male', Republic of Maldives","Champalars Holdings Pvt Ltd 
M. Champa Building, 4th Floor, 
Male', Republic of Maldives","-","Operating"
"108","NH Collection Maldives Havodda Resort","Gaafu Dhaalu","Havodda","120","240","3005518","3005516","samantha@crystalplazaresorts.com","684-4888","684-4888","havodda@amari.com","Crystal Plaza Resorts Pvt Ltd 
2nd Floor, MF Building
Chaandhanee Magu
Male', Republic of Maldives","Crystal Plaza Resorts Pvt Ltd 
2nd Floor, MF Building
Chaandhanee Magu
Male', Republic of Maldives","Minor Hotels Group (Maldives) Pvt Ltd
Anantara Kihavah Villas
Kihavah Huravalhi, Baa Atoll
Republic of Maldives","Operating"
"109","NH Collection Maldives Reethi Resort","Baa","Fonimagoodhoo","109","218","7988638","-","manal@salihshihab.co
edarmawan@aresmgmt.com
thchua@aresmgmt.com","6602626","6602626","info@reethibeach.com / website: https://www.reethibeach.com/","Hanifaru Holdings Pvt Ltd 
H. Orchidmaage, Level 2, 
Ameer Ahmed Magu, 
Male', Republic of Maldives","Hanifaru Holdings Pvt Ltd 
H. Orchidmaage, Level 2, 
Ameer Ahmed Magu, 
Male', Republic of Maldives","Minor Hotel Group (Maldives) Pvt Ltd 
Anantara Kihavah Villas, 
Kihavah Huravalhi, Baa Atoll, 
Republic of Maldives","Operating"
"110","nH Maldives Kuda Rah Resort","Alifu Dhaalu","Kudarah","51","102","6680000","6681000","rm.kudarah@amayaresorts.com","6 6 80000","6 6 80000","reservations.kudarah@amayaresorts.com","Luxury Resort Pvt Ltd 
G. Thoanee Asseyri, Ground Floor, 
Male', Republic of Maldives","Luxury Resort Pvt Ltd 
G. Thoanee Asseyri, Ground Floor, 
Male', Republic of Maldives","Minor Hotel Group (Maldives) Private Limited
Anantara Kihavah Villas, B. Kihavah Huravalhi, Republic of Maldives","Operating"
"111","Nika Island Resort and Spa","Alifu Alifu","Kudafolhudhoo","52","104","7771643
6660516
3314541","3325097","nika_htl@dhivehinet.net.mv","6660516","6660516","reservation@nikaisland.com.mv","Nika Maldives Pvt.Ltd. 
G. Nafaa, Raadhafathi Hingun
M. West House, Chambeylee Magu
Male', Republic of Maldives","Nika Maldives Pvt.Ltd. 
M. West House, Chambeylee Magu
Male', Republic of Maldives
nika_htl@dhivehinet.net.mv","-","Operating"
"112","Niva Dhigali Maldives","Raa","Dhigali","181","362","3323080","3333618","info@coraledge.com.mv","6586060","6586060","info@dhigali.com","Coral Edge Pvt Ltd 
M. Rukkara, Fulooniyaa Magu, 
Male', Republic of Maldives","Coral Edge Pvt Ltd
M. Rukkara, Fulooniyaa Magu, 
Male', Republic of Maldives","","Operating"
"113","Niva Kuramathi Maldives","Alifu Alifu","Kuramathi","395","790","3323080","3333618","iyaz.waheed@universalenterprises.com","6660527","6660527","info@kuramathi.com","Universal Enterprises Pvt. Ltd. 
H. 39, Orchid Magu
Male', Republic of Maldives","Universal Enterprises Pvt. Ltd. 
H. 39, Orchid Magu
Male', Republic of Maldives","-","Operating"
"114","Niva Velassaru Maldives","Kaafu","Velassaru","129","258","3323080
6643042","3320274
3322678","sales@unient.com.mv","6643041","6643041","reservations@velassaru.com / info@velassaru.com","Universal Enterprises Ltd.
39, Orchid Magu
Male', Republic of Maldives","Universal Enterprises Ltd.
39, Orchid Magu
Male', Republic of Maldives
sales@unient.com.mvv","-","Operating"
"115","Niyama Maldives","Dhaalu","Embudhufushi and Olhuveli","139","278","3005552","3005553","reservations@niyama.com
info.pniy@niyama.com","6762828","654-6666","reservations@niyama.com / info.pniy@niyama.com","O Plus E Holding Pvt. Ltd
H. Meerubahuruge Aage, 1st Floor
Ameeru Ahmed Magu
Republic of Maldives","O Plus E Holding Pvt. Ltd
H. Meerubahuruge Aage, 1st Floor
Ameeru Ahmed Magu
Republic of Maldives","Minor International (Labuan) Limited 
Level 5 (A1) Main Office Tower,
Financial Park Labuan, Jalan Merdeka 8700
F.T. Labuan Malaysia","Operating"
"116","Noku Maldives Vignette Collection","Noonu","Kudafunafaru","50","100","3013200","","shahdy@suoodanwar.com","656 2020","656 2020","info@nokuhotels.com","Roxy Maldives Resort & Spa Pvt Ltd 
H. Millenia Tower, #02-01
10 Ameer Ahmed Magu
Male', Republic of Maldives","Roxy Maldives Resort & Spa Pvt Ltd 
H. Millenia Tower, #02-01
10 Ameer Ahmed Magu
Male', Republic of Maldives","Sustainable Luxury Maldives Pvt Ltd
M. Lux Lodge
Orchid Magu
Male', Republic of Maldives","Operating"
"117","Nooe Maldives Kunavashi","Vaavu","Kunaavashi","50","100","9333355","","simon.douthett@laviehotels.com","","","","C.J.L Investments Pvt Ltd 
M. Chandhaneege, 3rd Floor
Alhivilaa Magu
Male', Republic of Maldives","Satin Seas Pvt Ltd 
M. Honey Dew, 3rd Floor
Izzuddheen Magu
Male', Republic of Maldives","La Vie Hotels & Resorts (Maldives) Pvt Ltd 
H. Aage (6th Floor)
Boduthakurufaanu Magu
Male', Republic of Maldives","Operating"
"118","Nova Maldives","Alifu Dhaalu","Vakarufalhi","57","114","7908835","","afzam.zuhury@reollo.com","7261212","7261212","hello@nova-maldives.com","Nova Resorts Pvt Ltd 
4th Floor , M. Kaneeru Villa
Orchid Magu
Male', Republic of Maldives","Athama Travels and Trade Pvt. Ltd. 
G. Dhivehi Atha
Majeedhee Magu
Male', Republic of Maldives","","Operating"
"119","Oaga Art Resort","Kaafu","Maaranfushi","62","124","3342737","","info@oagaresorts.com, info@radhun-resorts.com","3316242","3316242","info@oagaresorts.com, info@radhun-resorts.com","Radhun Resort and Investments Private Limited 
H. Ranrinbudhoo
Ameer Ahmed Magu
Male’, Republic of Maldives","Radhun Resort and Investments Private Limited 
H. Ranrinbudhoo
Ameer Ahmed Magu
Male’, Republic of Maldives","","Not Operating"
"120","Oblu By Atmosphere at Helengeli","Kaafu","Helengeli","176","352","3339992","3339998","fc@oblu-helengeli.com","4000077","4000077","sales.helengeli@coloursofoblu.com/ https://oblunaturehelengeli.com-maldives.com/en/","S.P.C Pvt Ltd 
(East Wing) Aage, 2nd Floor
12 Boduthakurufaanu Magu
Male, Rep. of Maldives","Helengeli Island Resort Pvt Ltd 
H.Orchid Maage  
Ameer Ahmed Magu
Male', Rep. of Maldives","","Operating"
"121","Oblu Select by Atmosphere at Sangeli","Kaafu","Akirifushi","114","288","3339992","3339998","info@eonresorts.com

shrikant@atmospherehotelsandresorts.com","400 4501","","sales@oblu-sangeli.com","North East Pvt Ltd 
H. Aage, 3rd Floor
Boduthakurufaanu Magu
Male', Republic of Maldives","Akirifushi Investments Pvt Ltd 
Ma. Milano, 2nd Floor
Rahdhebai Magu
Male', Republic of Maldives","","Operating"
"122","One & Only Reethi Rah, Maldives","Kaafu","Medhufinolhu","134","268","3310550","3310660","reservations@oneandonlyreethirah.com","6648800","6648800","reservations@oneandonlyreethirah.com","Reethi Rah Resort Pvt. Ltd.
1st Floor, Fasmeeru Building
Boduthakurufaanu Magu
Male', Republic of Maldives","Reethi Rah Resort Pvt. Ltd.
1st Floor, Fasmeeru Building
Boduthakurufaanu Magu
Male', Republic of Maldives","One & Only (Indian Ocean) Management Ltd.
1st Floor, Fasmeeru building 
Boduthakurufaanu magu
Male', Republic of Maldives","Operating"
"123","Outrigger Maldives Maafushivaru Resort","Alifu Dhaalu","Maafushivaru","93","186","7770948","Website: https://www.outrigger.com/","juni@sandalawyers.com","6680001","6680001","maldives.maafushivaru@outrigger.com","OM Maldives Pvt Ltd 
#02-01 Millennia Tower
Ameer Ahmed Magu
Male', Republic of Maldives","OM Maldives Pvt Ltd 
#02-01 Millennia Tower
Ameer Ahmed Magu
Male', Republic of Maldives","OGHM Private Limited 
H. #04-01 Millenia Tower
Ameer Ahmed Magu
Male', Republic of Maldives","Operating"
"124","Ozen By Atmosphere At Maadhoo","Kaafu","Maadhoo","107","214","3339992","3339998","shrikant@atmospherehotelsandresorts.com","400 2222","400 2222","reservations@ozen-maadhoo.com.","D.P.C Private Limited 
H.Aage, 3rd Floor
12, Boduthakurufaanu Magu
Male', Rep. of Maldives","M.T.R Holdings Pvt Ltd 
Premier Chambers
M. Lux Lodge, 02nd Floor
Orchid Magu
Male', Rep. of Maldives","Atmosphere Core Pte Ltd 
H. Aage, 03rd Floor
12, Boduthakurufaanu Magu
Male', Republic of Maldives","Operating"
"125","Park Hyatt Maldives Hadahaa","Gaafu Alifu","Hadahaa","56","112","3313388","331 6783","info@driftwoodmaldives.com","6821234","6821234","maldives.parkhadahaa@hyatt.com | Website: www.hyatt.com","Driftwood Maldives Pvt.Ltd.
M. Vaarey Villa
Izzudeen Magu
Male', Republic of Maldives","Driftwood Maldives Pvt.Ltd.
M. Vaarey Villa
Izzudeen Magu
Male', Republic of Maldives","Hyatt International - South West Asia Ltd (FC), 
Al Kifaf Building, 27th Floor,
Zabeel Area, PO Box 506727,
Dubai, United Arab Emirates","Operating"
"126","Patina Maldives, Fari Islands","Kaafu","Fari Veli Huraa","123","246","7846861","","marco.denouden@patinahotels.com / chris.chuah@mesarf.com","4000555","4000555","reservations.maldives@patinahotels.com","Tomlinson Investment Pvt Ltd
H. Millenia Tower, #02-01
10 Ameer Ahmed Magu
Male', Republic of Maldives","MESA RF Pvt Ltd 
M. Faaroshige, Level 2
Orchid Magu 
Male', Republic of Maldives","Capella Hotel Group Management (Maldives) Pvt Ltd 
H. Millenia Tower, #02-01
10 Ameer Ahmed Magu
Male', Republic of Maldives","Operating"
"127","Pullman Maldives Maamutaa Resort","Gaafu Alifu","Maamutaa","136","271","3333887","3011699","erah@keonghong.com","6820909","6820909","H9924@accor.com","Pristine Islands Investment (Maldives)Pvt Ltd 
G. Alhifashuviaage, 3rd floor, Dharumavantha Magu, 
Male', Republic of Maldives","Pristine Islands Investment (Maldives) Pvt Ltd
G. Alhifashuviaage, 3rd floor,
Dharumavantha Magu,
Male', Republic of Maldives","AAPC (Maldives) Private Limited 
C/O H. Shah, Hussain & Co. Barristers and Attorneys, 6th Floor, Aage, 12 Boduthakurufaanu Magu,
Male', Republic of Maldives","Operating"
"128","Raaya by Atmosphere","Raa","Kudakurathu","200","400","7902612 / 77777242","","mohdhussainf@gmail.com","4001400","4001400","raaya@amari.com","Kudakurathu Island Resort Pvt Ltd
Ma. Dawn Shine
Zamaanee Goalhi
Male', Republic of Maldives","Kudakurathu Island Resort Pvt Ltd
Ma. Dawn Shine
Zamaanee Goalhi
Male', Republic of Maldives","Atmosphere Core Pvt Ltd 
H. Aage, 6th Floor
Boduthakurufaanu Magu
Male', Republic of Maldives","Operating"
"129","Radisson Blu Resort Maldives","Alifu Dhaalu","Huruelhi","160","320","9151593","3310940","james.wong@changhua.com.sg","9151593","9151593","james.wong@changhua.com.sg / eunice.tan@carlsonrezidor.com","Huruelhi Investment Pvt Ltd 
M. Faamudheyrige, 6A, 
Orchid Magu, 
Male', Republic of Maldives","Huruelhi Investment Pvt Ltd 
M. Faamudheyrige, 6A, 
Orchid Magu, 
Male', Republic of Maldives","","Operating"
"130","Rah Gili Maldives","Kaafu","Mahaana elhi Huraa","42","84","9330339","Website: https://rahgili.com/","harish@dhonmaaga.com","+960 401 4001","+960 401 4001","marketing@rahgili.com","BeachX Pvt Ltd 
H. Aage, 3rd Floor,
Boduthakurufaanu Magu, 
Male', Republic of Maldives","Maahal Tours Pvt Ltd 
Ma. Thandinoomaage, Ground Floor, 
Badifasgandu Magu, 
Male', Republic of Maldives","-","Operating"
"131","Rahaa Resort","Laamu","Kudafares and Fares","81","162","6800044
7428005","","info@rahaaresort.com
ismail@rahaaresort.com","","","rahaa@rahaaresort.com","MO Hotels and Resorts Pvt Ltd 
M. Gulhazaaruge 
Fareedhee Magu 
Male', Republic of Maldives","Heavy Load Maldives Pvt Ltd 
M. Gulhazaaruge 
Fareedhee Magu 
Male', Republic of Maldives","","Operating"
"132","Reethi Faru Resort","Raa","Filaidhoo","164","328","3312626","4004445","shihab@reethifaru.com","400-4000","400-4000","inquiry@reethifaru.com","Mahogany Pvt Ltd 
H. Maadhooge, 1st Floor
Karankaa Magu
Male', Republic of Maldives","Mahogany Pvt Ltd 
H. Maadhooge, 1st Floor
Karankaa Magu
Male', Republic of Maldives","","Operating"
"133","Riu Atoll and Riu Palace Maldivas","Dhaalu","Maafushi and Kedhigandu","440","880","3333644","3315453","dheena@shclawyers.com","3333644","3315453","pfernandezb@riu.com","Riu Atoll Pvt. Ltd. 
Shah, Hussain & Co. Barristers and Attorneys 
6th Floor, H. Aagé
12 Boduthakurufaanu Magu, 
Male', Republic of Maldives","Riu Atoll Pvt. Ltd. 
Shah, Hussain & Co. Barristers and Attorneys 
6th Floor, H. Aagé
12 Boduthakurufaanu Magu, 
Male', Republic of Maldives","","Operating"
"134","Robinson Maldives","Gaafu Alifu","Funamauddua","124","248","7970051","-","Monalisa.Roy@robinson.com","6820000","6820000","Reservation.Maldives@robinson.com / maldives@robinson.com","Robinson Club Maldives Pvt Ltd 
H. Maaram Building, 5th Floor, 
Ameer Ahmed Magu, 
Male', Republic of Maldives","Robinson Club Maldives Pvt Ltd 
H. Maaram Building, 5th Floor, 
Ameer Ahmed Magu, 
Male', Republic of Maldives","-","Operating"
"135","Robinson Noonu","Noonu","Orivaru","150","300","3009095","4004445","officemanager.maldives@robinson.com bjoern.thuemmel@robinson.com","4004444","4004445","noonu@robinson.com","Robinsion Club Maldives Pvt Ltd 
H. Maaram, 5th Floor
Ameer Ahmed Magu
Male', Republic of Maldives","Robinsion Club Maldives Pvt Ltd
H. Maaram, 5th Floor
Ameer Ahmed Magu
Male', Republic of Maldives","","Operating"
"136","Royal Island Resort and Spa","Baa","Horubadhoo","152","304","332 5195","332 5177
6600088","info@villa.com.mv","660 0088","660 0088","bookings@royal-island.com.mv","Villa Shipping and Trading Company Pvt Ltd 
Villa Building
Ibrahim Hassan Didi Magu
Male', Republic of Maldives","Island Travel and Trade Pvt. Ltd
Villa Building
Ibrahim Hassan Didi Magu
Male', Republic of Maldives","","Operating"
"137","Saii Lagoon Maldives","Kaafu","Eh'mafushi","170","340","+9606651300","","rsvn.lagoon@SAiiresorts.com","6651300","6651300","info.lagoon@saiiresorts.com","Dream Islands Development 2 Pvt. Ltd. 
H. #02-01, Millennia Tower, 10 Ameer Ahmed Magu, Male', Republic of Maldives","Dream Islands Development 2 Pvt. Ltd. 
H. #02-01, Millennia Tower, 10 Ameer Ahmed Magu, Male', Republic of Maldives","","Operating"
"138","Sandies Bathala","Alifu Alifu","Bathala","70","140","7905040","","resmg.thudufushi@diamonds-resorts.com","4002400","-","info.bathala@sandies-resorts.com","Away Hotels Maldives Pvt. Ltd. 
M. Veeza 
Dhambu Goalhi 20190
Male’, Republic of Maldives","B Resorts Investment Pvt. Ltd. 
G. Neem Building, 3rd Floor
Majeedhee Magu
Male’, Republic of Maldives","-","Operating"
"139","Shangri-la Villingili Maldives","Seenu","Villingili","11","22","3321378","Website: www.shangri-la.com/male/villingiliresort/","slmd@shangri-la.com","6897888","6897888","slmd@shangri-la.com","Addu Investments Pvt Ltd 
Ma. No. 379, 
Male', Kaafu Atoll, 
Republic of Maldives","Addu Investments Pvt Ltd 
Ma. No. 379, 
Male', Kaafu Atoll, 
Republic of Maldives","","Operating"
"140","Sheraton Maldives Full Moon Resort & Spa","Kaafu","Furanafushi","176","352","7931698","","vijay.kumar@marriott.com","6642010","6642010","sheraton.maldives@sheraton.com","Manta Resort Holdings II Pvt. Ltd 
H. #02-01, Millennia Tower
10 Ameer Ahmed Magu 20026
Male', Republic of Maldives","Manta Resort Holdings II Pvt. Ltd 
H. #02-01, Millennia Tower
10 Ameer Ahmed Magu 20026
Male', Republic of Maldives","Marriott Hotels Maldives Pvt Ltd
H. #04-01, Millennia Tower
10 Ameer Ahmed Magu 20026
Male', Republic of Maldives","Operating"
"141","Sirru Fen Fushi","Shaviyani","Gaakoshibee","149","298","6548888 / 3013200","","shahdy@suoodanwar.com","6548888 / 3013200","","mld.reservations.maldives@fairmont.com /","GBH Maldives Resorts Pvt Ltd 
#02-01, H.Millenia Tower
10 Ameeru Ahmed Magu
Male', Republic of Maldives","GBH Maldives Resorts Pvt Ltd 
#02-01, H.Millenia Tower
10 Ameeru Ahmed Magu
Male', Republic of Maldives","","Operating"
"142","Six Senses Kanuhura","Lhaviyani","Kanuhuraa","96","192","7786424","","mohamed.riza@sixsenses.com","6620044","6620044","info@sixsenses.com / http://www.sixsenses.com/","Leisure Oceans Pvt Ltd 
H. Millenia Tower
 Ameer Ahmed Magu
 Male’, Republic of Maldives","Leisure Oceans Pvt Ltd 
H. Millenia Tower
 Ameer Ahmed Magu
 Male’, Republic of Maldives","Sustainable Luxury Maldives Pvt Ltd 
M. Lux Lodge
 Orchid Magu 2013
Male’, Republic of Maldives","Operating"
"143","Six Senses Laamu","Laamu","Olhuveli","99","198","301 3200","","shahdy@suoodanwar.com
may.anchoriz@sixsenses.com","680 0800","","reservations-laamu@sixsenses.com"," Leisure Frontiers Pvt. Ltd
 H.#02-01, Millenia Tower
 10, Ameeru Ahmed Magu
 Male', Rep of Maldives","Leisure Frontiers Pvt. Ltd
 H.#02-01, Millenia Tower
 10, Ameeru Ahmed Magu
 Male', Rep of Maldives","","Operating"
"144","Siyam World Maldives","Noonu","Dhigurah","530","1060","3325977","","info@siyamworld.com","6567777","","sales@siyamworld.com / stay@siyamworld.com","Wego Maldives Pvt Ltd 
H. Sun Siyam Building 
Boduthakurufaanu Magu 
Male', Republic of Maldives","Wego Pvt Ltd
H. Sun Siyam Building 
Boduthakurufaanu Magu 
Male', Republic of Maldives","","Operating"
"145","SO/ Maldives","Kaafu","4° 7’ 24.562” N, 73° 28’ 52.015” E","93","186","6649100","-","jespersoerense@so-hotels.com 
https://so-hotels.com/","","","SO.Maldives@so-hotels.com","Dream Islands Development 3 Pvt Ltd
H. Millenia Tower, #02-0110 
Ameer Ahmed Magu
Male', Republic of Maldives","Dream Islands Development 2 Pvt Ltd
H. Millenia Tower, #02-0110 
Ameer Ahmed Magu
Male', Republic of Maldives","","Operating"
"146","Soneva Fushi Resort","Baa","Kunfunadhoo","176","352","3017201","","mgr-male@soneva.com","660 0304","660 0304","mail@soneva.com","Soneva Management (BVI) Limited
Jazeera Building, 4th Floor
Boduthakurufaanu Magu
Male', Republic of Maldives","Bunny Holdings (BVI) Ltd.
Jazeera Building, 4th Floor
Boduthakurufaanu Magu
Male', Republic of Maldives","Soneva Management (BVI) Limited
Jazeera Building, 4th Floor
Boduthakurufaanu Magu
Male', Republic of Maldives","Operating"
"147","Soneva Jani","Noonu","Medhufaru","98","196","6600304
3326686","6600374","patrickm@soneva.com","656 6666","656 6666","reservations@soneva.com","Hillside Villa Pvt Ltd 
H. Jazeera Building, 4th Floor
Boduthakurufaanu Magu
Male', Maldives","Hillside Villa Pvt Ltd 
H. Jazeera Building, 4th Floor
Boduthakurufaanu Magu
Male', Maldives","Soneva Management (BVI) Ltd. 
H. Jazeera Building, 4th Floor
Boduthakurufaanu Magu
Male', Repubic of Maldives","Operating"
"148","Soneva Secret","Haa Dhaalu","Dhipparufushi","30","60","7792656","-","mgr-male@soneva.com","4010000","4010000","reservations@soneva.com","Secret Venture Pvt Ltd 
H. Jazeera Building, 4th Floor
Boduthakurufaanu Magu
Male', Republic of Maldives","Secret Venture Pvt Ltd 
H. Jazeera Building, 4th Floor
Boduthakurufaanu Magu
Male', Republic of Maldives","Soneva Management (BVI) Ltd (FC)
H. Jazeera Building, 4th Floor
Boduthakurufaanu Magu
Male', Republic of Maldiv","Operating"
"149","South Palm Resort Maldives","Seenu","Ismehelahera Kedevaahera","130","260","6890010","","reservations@southpalmresort.com","6890009","6890009","reservations@southpalmresort.com","South Palm Maldives Pvt Ltd 
Keytha 
Feydhoo, Seenu Atoll
Republic of Maldives","South Palm Maldives Pvt Ltd 
Keytha 
Feydhoo, Seenu Atoll
Republic of Maldives","","Operating"
"150","Summer Island Maldives","Kaafu","Ziyaaraiyfushi","157","314","3322212
3318005","3318057","reservations@summerislandmaldives.com","664 1949","664 1949","reservations@summerislandmaldives.com","Kaimoo Travels and Hotel Services Pvt. Ltd.
H. Maagala
Meheli Goalhi
Male', Republic of Maldives","Ziyaraiy Maldives Pvt. Ltd. 
M. Nooranee Aage 
Ameer Ahmed Magu
Male', Republic of Maldives","-","Operating"
"151","Sun Siyam Iru Fushi Maldives","Noonu","Medhafushi","224","448","3325977","3333897/
332 0419","info@sunsiyam.com","6560591","6560591","ecommerce.irufushi@sunsiyam.com","Sun Travels & Tours Pvt Ltd
H. Sun Siyam Building
Boduthakurufaanu Magu
Male', Republic of Maldives","Sun Travels & Tours Pvt Ltd
H. Sun Siyam Building
Boduthakurufaanu Magu
Male', Republic of Maldives","Iru Hotels & Resorts Pvt Ltd,
H. Sun Siyam Building, 
Boduthakurufaanu Magu, 
Male', Republic of Maldives","Operating"
"152","Sun Siyam Iru Veli Maldives","Dhaalu","Aluvifushi","127","254","3325977","3333897","info@sunsiyam.cm","6760022","6760022","rsvn.iruveli@sunaqua.com","Ocean Islands Pvt Ltd 
H. Sun Siyam Building
Boduthakurufaanu Magu
Male', Republic of Maldives","Ocean Islands Pvt Ltd 
H. Sun Siyam Building
Boduthakurufaanu Magu
Male', Republic of Maldivesmaldives.com.mv","","Operating"
"153","Sun Siyam Olhuveli Maldives","Kaafu","Olhuveli","460","920","3325977","3333897","info@sunsiyam.com","6642788","6642788","customercare@olhuvelimaldives.com","Emerald Resort Pvt. Ltd. 
H. Sun Siyam Building, 
Boduthakurufaanu Magu, 
Male', Republic of Maldives","Hotels and Resorts Holding Pvt. Ltd. 
H. Sun Siyam Building, 
Boduthakurufaanu Magu,
Male', Republic of Maldives","-","Operating"
"154","Sun Siyam Vilu Reef Maldives","Dhaalu","Meedhuffushi","104","208","3329110","3333897","admin@suntravelmaldives.com.mv","6760011","6760011","ecommerce.vilureef@sunsiyam.com","Sun Investments Pvt. Ltd. 
H. Sun Siyam Building
Boduthakurufaanu Magu
Male', Republic of Maldives","Sun Investments Pvt. Ltd. 
H. Sun Siyam Building
Boduthakurufaanu Magu
Male', Republic of Maldives","-","Operating"
"155","Taj Coral Reef Resort and Spa","Kaafu","Hembadhu","64","128","3317530","3314059","tajmale@dhivehinet.net.mv","664-1948","","tajcoralreef@tajhotels.com","Tal Maldives Resorts Pvt. Ltd.
(Taj Group of Hotels, India)
G. Maajehige, 1st Floor
Lily Magu
Male', Republic of Maldives
","Tal Maldives Resorts Pvt. Ltd.
(Taj Group of Hotels, India)
G. Maajehige, 1st Floor
Lily Magu
Male', Republic of Maldives
tajmale@dhivehinet.net.mv","","Operating"
"156","Taj Exotica Resort & Spa Maldives","Kaafu","Embudhu Finolhu","67","134","3317530","","exotica.maldives@tajhotels.com","400600","400600","exotica.maldives@tajhotels.com","TAL Maldives Resorts Pvt. Ltd 
H. Sifa, 4th Floor B
Boduthakurufaanu Magu
Male', Republic of Maldives","Hima Holdings Pvt Ltd
2/44 Orchid Magu
Male', Republic of Maldives","","Operating"
"157","The Halcyon Private Isles Maldives Autograph Collection","Gaafu Alifu","Meradhoo","50","100","6828800/","-","reservations@thehalcyonmaldives.com","6828800","-","reservations@thehalcyonmaldives.com","CDL HBT Oceanic Maldives Pvt Ltd 
H. Millennia Tower, #02-01, 10 Ameer Ahmed Magu 20026, 
Male', Republic of Maldives","CDLHT Oceanic Maldives Pvt Ltd 
H. Millennia Tower, #02-01, 10 Ameer Ahmed Magu 20026, 
Male', Republic of Maldives","Apara Hotel Management Maldives Pvt Ltd,
H. Millennia Tower, #02-01, 10
Ameer Ahmed Magu, 
Male', Republic of Maldives","Operating"
"158","The Nautilus Maldives","Baa","Thiladhoo","31","62","6600000","6600001","akheel.muhsin@reollo.com / althaf@thenautilusmaldives.com","6600000","6600000","hello@thenautilusmaldives.com","Thiladhoo Resorts Pvt Ltd
M. Sakkeyogasdhoshuge, 
Fiyaathoshi Magu, 
Male', Republic of Maldives","Thiladhoo Resorts Pvt Ltd
M. Sakkeyogasdhoshuge, 
Fiyaathoshi Magu, 
Male', Republic of Maldives","","Operating"
"159","The Residence Maldives","Gaafu Alifu","Falhumaafushi","100","200","682-0088","330 9041","msundaram@theresidence.com","682-0088","","msundaram@theresidence.com","Bonaventure (Maldives) Pvt. Ltd
Ma. Malaaz
Huvandhuma Goalhi 
Male', Republic of Maldives","Bonaventure (Maldives) Pvt. Ltd
Ma. Malaaz
Huvandhuma Goalhi 
Male', Republic of Maldives","","Operating"
"160","The Residence Maldives At Dhigurah","Gaafu Alifu","Dhigurah","185","370","6820088","","chpl@dhinet.net.mv","6820088","6820088","chpl@dhinet.net.mv","Bonavista (Maldives) Pvt Ltd 
Ma. Malaaz, 
Huvandhumaa Goalhi, 
Male, Republic of Maldives","Bonavista (Maldives) Pvt Ltd 
Ma. Malaaz, 
Huvandhumaa Goalhi, 
Male, Republic of Maldives","","Operating"
"161","The Ritz Carlton Maldives Fari Islands","Kaafu","Fari Kandu Huraa","117","234","7797779","-","shahdy@sandalawyers.com","4000999","4000999","maldives.reservations@ritzcarlton.com","CPRC (Maldives) Pvt Ltd 
H. Millenia Tower, #02-01,
10 Ameer Ahmed Magu,
Male', Republic of Maldives","MESA RF Pvt Ltd 
M. Faaroshige, Level 2
Orchid Magu 
Male', Republic of Maldives","Marriot Hotels Maldives Pvt Ltd
H. Millenia Tower, #04-01
10 Ameer Ahmed Magu
Male', Republic of Maldives","Operating"
"162","The St. Regis Vommuli Resort, Maldives","Dhaalu","Vommuli","95","190","9946464","","sascapital@theresidency.com","6763636","6763636","sascapital@theresidency.com","SAS Capital Private Limited 
6A, M. Faamdheyrige
Orchid Magu
Male', Republic of Maldives","SAS Capital Private Limited 
6A, M. Faamdheyrige
Orchid Magu, 
Male', Republic of Maldives","Starwood Asia Pacific Hotels and Resorts Pte Ltd 
06 Temasek Boulevard
#04-01 Suntee Tower Four
Singapore 038986","Operating"
"163","The Standard Huruvalhi Maldives","Raa","Huruvalhi","122","244","","","","658 5555","658 5555","mv.reservations@standardhotels.com","Snapper Blue Investments Pvt Ltd
H. Millennia Tower, 10, #02-01, 
Ameer Ahmed Magu, 
Male', Republic of Maldives","Snapper Blue Investments Pvt Ltd
H. Millennia Tower, 10, #02-01, 
Ameer Ahmed Magu, 
Male', Republic of Maldives","Standard Asia Co. Ltd. 
No. 59, Rimklong Phrakanong Alley, 
Phrakanong Nua Sub-District, Wattana District, 
Bangkok, Thailand","Operating"
"164","The Westin Maldives Miriandhoo Resort","Baa","Miriandhoo","73","146","7991100","","majdee.imad@alohamaldives.com","660-4444","660-4444","mlewi.reservation@westinhotels.com","Miriandhoo Maldives Resorts Pvt Ltd
M. Whale Shark, 2nd Floor
Aaburuzu Hingun
Male', Republic of Maldives","Miriandhoo Maldives Resorts Pvt Ltd
M. Whale Shark, 2nd Floor
Aaburuzu Hingun
Male', Republic of Maldives","Starwood Asia Pacific Hotels and Resorts Pte Ltd
02 Harbour Front, Bank of America 
Merril Lynch, #06-08, Singapore 098499","Operating"
"165","Thulhagiri Island Resort & Spa","Kaafu","Thulhaagiri","87","174","3313523","3313522","hr@thulhagiri.com.mv","6645930","6645930","reserve@thulhagiri.com.mv","Angiri Resorts Management & Operations Pvt. Ltd.
M. New Plot
Ameenee Magu
Male', Republic of Maldives","Thulhaagiri Development Pvt. Ltd.
M. New Plot
Ameenee Magu
Male', Republic of Maldives","-","Operating"
"166","V Villas Maldives at Mirihi-Mgallery Collection","Alifu Dhaalu","Mirihi","38","76","7773152","-","zayan@salihshihab.co","6680500","6680500","info@mirihi.com","Vie Maldives Pvt Ltd 
M. Marina Building, Level 7, 
Koliumaru Maniku Goalhi, 
Male', Republic of Maldives","Vie Maldives Pvt Ltd 
M. Marina Building, Level 7, 
Koliumaru Maniku Goalhi, 
Male', Republic of Maldives","Accor Luxury Maldives Pvt Ltd
H. Aage, 6th floor, 12 
Boduthakurufaanu Magu, 
Male', Republic of Maldives","Operating"
"167","Vakkaru Maldives","Baa","Vakkaru","128","256","7777222","","6699sato@gmail.com","660 7000","660 7000","info@vakkarumaldives.com","Efzy Holdings Pvt Ltd 
H. Millennium
Lansimoo Goalhi
Male', Republic of Maldives","Efzy Holdings Pvt Ltd
H. Millennium
Lansimoo Goalhi
Male', Republic of Maldives","","Operating"
"168","Varu Island Resort","Kaafu","Madivaru","125","250","3333000","3333713","imran.ali@shuaz.mv","400700","400700","imran.ali@shuaz.mv","Shuaz Investment Pvt Ltd 
M. Shuaz 
Orchid Magu 
Male', Republic of Maldives","Dhonkeyo Investments Pvt Ltd
Ma. Seeraazeege 
Seeraazee Goalhi
Male', Republic of Maldives","Prospect Pvt Ltd 
H. Aage (6th Floor) 
Boduthakurufaanu Magu
Male', Republic of Maldives","Operating"
"169","Velaa Private Island Maldives","Noonu","Fushivelaavaru","67","134","3010011","301 0022","Mohamed.Mausoom@velaaisland.com","6565000","6565000","info@velaaprivateisland.com","Velaa Island Maldives Pvt Ltd 
M. Uniya, 4th Floor
Fareedhee Magu, 
Male', Republic of Maldives","Velaa Asset Management Pvt Ltd 
M. Kaneeru Villa, 6th Floor
Orchid Magu 2012, 
Male', Republic of Maldives","","Operating"
"170","Veligandu Maldives Resort Island","Alifu Alifu","Veligan'du","100","200","3322432","3324009","info@crowncompany.com","666 0519","666 0519","reservations@veligandu.com","Crown Company Pvt. Ltd. 
Fasmeeru Building, 6th Floor
Boduthakurufaanu Magu
Male', Republic of Maldives","Crown Company Pvt. Ltd. 
Fasmeeru Building, 6th Floor
Boduthakurufaanu Magu
Male', Republic of Maldives","-","Operating"
"171","Vilamendhoo Island Resort","Alifu Dhaalu","Vilamendhoo","184","368","3314149
7983342","","cfo@champaresorts.com","","","","Vilamendhoo Investments Pvt. Ltd.
Champa Building, 3rd Floor
Kandidhon Manik Goalhi
Male', Republic of Maldives","Vilamendhoo Investments Pvt. Ltd.
Champa Building, 3rd Floor
Kandidhon Manik Goalhi
Male', Republic of Maldives","","Operating"
"172","Villa Nautica Paradise Island","Kaafu","Lankanfinolhu","284","568","3344777","3325177","info@villa.com.mv","3316161","3316161","hello@villaresorts.com","Villa Shipping & Trading Company Pvt.Ltd.
(on behalf of Diza Trade & Travels Pvt. Ltd.)
Villa Building, Ibrahim Hassan Didi Magu
Male', Republic of Maldives","Diza Travel & Trade Pvt. Ltd.
Villa Building, Ibrahim Hassan Didi Magu
Male', Republic of Maldives
info@villa.com.mv","","Operating"
"173","Villa Park Sun Island","Alifu Dhaalu","Nalaguraidhoo","466","932","3325195","3325177","info@villa.com.mv","668 0099","668 0099","reservations@sun-island.com.mv","Villa Shipping & Trading Company Pvt Ltd
M. Villa Building, 
Ibrahim Hassan Didi Magu, 
Male', Republic of Maldives","Villa Shipping & Trading Company Pvt Ltd 
M. Villa Building, 
Ibrahim Hassan Didi Magu, 
Male', Republic of Maldives","-","Operating"
"174","W Maldives","Alifu Alifu","Fesdhoo","79","158","7797779","-","shahdy@sandalawyers.com","6662222","6662222","wmaldives.welcome@whotels.com","Manta Resort Holdings I Pvt Ltd
H. #02-01, Millennia Tower 10, 
Ameer Ahmed Magu, 
Male', Republic of Maldives","Manta Resort Holdings I Pvt Ltd
H. #02-01, Millennia Tower 10, 
Ameer Ahmed Magu, 
Male', Republic of Maldives","Marriott Hotels Maldives Private Limited
H. #04-01, Millennia Tower 10, 
Ameer Ahmed Magu, 
Male', Republic of Maldives

Website: https://www.marriott.com/en-us/hotels/mlewh-w-maldives/","Operating"
"175","Waldorf Astoria Maldives Ithaafushi","Kaafu","Ithaafushi","136","272","3325602","3325601","suzan@hotelresortsconstruction.com","4000300","4000300","etienne.dalancon@waldorfastoria,com","Ithaafushi Investments Pvt. Ltd. 
H. Sea Side, Level One, 
Boduthakurufaanu Magu
Male', Republic of Maldives","Ithaafushi Investments Pvt. Ltd.
H. Sea Side, Level One, 
Boduthakurufaanu Magu
Male', Republic of Maldives","","Operating"
"176","Yash Nature Resort","Dhaalu","Dhoores","33","66","7731865","","lamaan@sandalawyers.com","7731865","","lamaan@sandalawyers.com","Yash Exotic Island Pvt Ltd 
H. Millennia Tower
Ameer Ahmed Magu
Male', Republic of Maldives","Yash Exotic Island Pvt Ltd 
H. Millennia Tower
Ameer Ahmed Magu
Male', Republic of Maldives","","Operating"
"177","You & Me Maldives","Raa","Uthurumaafaru","109","218","3016888","","alex@cocoonmaldives.com
info@cocoonmaldives.com","6581000","6581000","booking@youandmemaldives.com","Uthurumaafaru Holdings Pvt Ltd 
H. Soanary, 
Boduthakurufaanu Magu, 
Male', Republic of Maldives","Uthurumaafaru Holdings Pvt Ltd 
H. Soanary, 
Boduthakurufaanu Magu, 
Male', Republic of Maldives","-","Operating"
